<TICKER>,<PER>,<DATE>,<TIME>,<OPEN>,<HIGH>,<LOW>,<CLOSE>,<VOL>
ALGN,D,23/01/23,00:00:00,248.39,253.68,246.165,251.46,21522
ALGN,D,24/01/23,00:00:00,250.83,257.58,250.83,252.63,12553
ALGN,D,25/01/23,00:00:00,246.93,252.44,246.45,252.16,17752
ALGN,D,26/01/23,00:00:00,256.82,263,256.44,263,20804
ALGN,D,27/01/23,00:00:00,262,269.29,259.925,268.94,23699
ALGN,D,30/01/23,00:00:00,264.51,267.9,262.96,265.72,24431
ALGN,D,31/01/23,00:00:00,266.45,269.37,265.31,269.18,8483
ALGN,D,01/02/23,00:00:00,272.86,283.88,269.2,282.02,22699
ALGN,D,02/02/23,00:00:00,335.2,367.69,333.68,359.92,92382
ALGN,D,03/02/23,00:00:00,350.73,352.43,341.28,343.09,34733
ALGN,D,06/02/23,00:00:00,347.99,364.31,342.34,342.65,29908
ALGN,D,07/02/23,00:00:00,341.83,346.24,333.42,345.26,30121
ALGN,D,08/02/23,00:00:00,341.25,342.39,333.86,334.995,11288
ALGN,D,09/02/23,00:00:00,336.49,337.47,320.58,320.83,16693
ALGN,D,10/02/23,00:00:00,321.42,322.23,310.52,315.96,13451
ALGN,D,13/02/23,00:00:00,316.99,325.34,316.99,325.34,13811
ALGN,D,14/02/23,00:00:00,322.2,333.73,322.2,331.61,9393
ALGN,D,15/02/23,00:00:00,330.65,338.82,328.87,338.35,9940
ALGN,D,16/02/23,00:00:00,330.68,335.5,323.79,326.28,11819
ALGN,D,17/02/23,00:00:00,320.17,320.19,313.07,316.79,15948
ALGN,D,21/02/23,00:00:00,313.395,313.395,303.78,303.84,17360
ALGN,D,22/02/23,00:00:00,301.97,307.01,300.78,302.83,15555
ALGN,D,23/02/23,00:00:00,305.04,306.51,298.49,305.59,14354
ALGN,D,24/02/23,00:00:00,300.86,306.27,298.95,306.27,7423
ALGN,D,27/02/23,00:00:00,309.2,309.86,303.55,304.69,16597
ALGN,D,28/02/23,00:00:00,306.13,312.88,305.44,309.32,12634
ALGN,D,01/03/23,00:00:00,307.89,310.17,302.89,308.38,14727
ALGN,D,02/03/23,00:00:00,305.49,313.46,305.49,313.43,10167
ALGN,D,03/03/23,00:00:00,315.68,335.425,315.68,334.82,34812
ALGN,D,06/03/23,00:00:00,338.86,356.795,335.2,335.55,53163
ALGN,D,07/03/23,00:00:00,334.69,341.43,334.245,334.67,16185
ALGN,D,08/03/23,00:00:00,332.76,333.95,328.45,332.27,7861
ALGN,D,09/03/23,00:00:00,331.85,336.38,321.1,321.71,12937
ALGN,D,10/03/23,00:00:00,318.63,319.83,307.24,312.71,19649
ALGN,D,13/03/23,00:00:00,308.85,322.03,307.67,315.625,11587
ALGN,D,14/03/23,00:00:00,323.81,325.81,316.79,320.91,14035
ALGN,D,15/03/23,00:00:00,314.065,318.59,307.89,318.59,19988
ALGN,D,16/03/23,00:00:00,316.8,327.77,314.78,326.71,17018
ALGN,D,17/03/23,00:00:00,323.63,326.2,318.08,320.75,29743
ALGN,D,20/03/23,00:00:00,318.61,321.41,314.72,316.25,12626
ALGN,D,21/03/23,00:00:00,319.5,330.51,319.5,327.18,12003
ALGN,D,22/03/23,00:00:00,324.39,326.08,312.18,312.18,24103
ALGN,D,23/03/23,00:00:00,314.34,319.305,307.59,311.54,23160
ALGN,D,24/03/23,00:00:00,305.92,307.78,301,306.43,15874
ALGN,D,27/03/23,00:00:00,309.64,311.72,302,305.75,11715
ALGN,D,28/03/23,00:00:00,305.61,309.3,304.65,305.57,10200
ALGN,D,29/03/23,00:00:00,308.73,309.6,303.97,306.16,5802
ALGN,D,30/03/23,00:00:00,311.5,314.55,309.87,312.23,9973
ALGN,D,31/03/23,00:00:00,316.04,335,316.04,334.2,30948
ALGN,D,03/04/23,00:00:00,334.19,334.2,324.83,327.41,7288
ALGN,D,04/04/23,00:00:00,329.21,332.75,325.955,326.07,3744
ALGN,D,05/04/23,00:00:00,322.34,322.34,314.31,317.19,8993
ALGN,D,06/04/23,00:00:00,314.51,324.25,314.04,322.91,14634
ALGN,D,10/04/23,00:00:00,317.5,330.01,317.31,329.805,7163
ALGN,D,11/04/23,00:00:00,335.87,341.92,334.5,338.51,14753
ALGN,D,12/04/23,00:00:00,340,340.74,331.73,331.73,3769
ALGN,D,13/04/23,00:00:00,336.44,341.57,335,341.57,11794
ALGN,D,14/04/23,00:00:00,339.92,345.74,337.76,342.15,8146
ALGN,D,17/04/23,00:00:00,342.63,347.9,342.63,347.76,8498
ALGN,D,18/04/23,00:00:00,353.49,355.33,346.09,348.27,10848
ALGN,D,19/04/23,00:00:00,347.21,357.85,347.21,356.3,7947
ALGN,D,20/04/23,00:00:00,351.59,357.54,351.59,352.27,4496
ALGN,D,21/04/23,00:00:00,354.4,355.87,351.83,355.24,11161
ALGN,D,24/04/23,00:00:00,353.91,363.27,353.63,363.18,17550
ALGN,D,25/04/23,00:00:00,360.13,361.53,351.41,351.41,15281
ALGN,D,26/04/23,00:00:00,353.41,354.97,348.53,354.96,30467
ALGN,D,27/04/23,00:00:00,322.6,325.06,309.45,317.7,51108
ALGN,D,28/04/23,00:00:00,322,326.17,318.26,325.65,22961
ALGN,D,01/05/23,00:00:00,324.27,324.34,315.15,317.41,7656
ALGN,D,02/05/23,00:00:00,318.36,319.17,305.93,307.04,12071
ALGN,D,03/05/23,00:00:00,305.96,310,302.74,303.05,10290
ALGN,D,04/05/23,00:00:00,299.87,304.19,298.01,304.11,9250
ALGN,D,05/05/23,00:00:00,307.185,314.01,307.06,313.99,8199
ALGN,D,08/05/23,00:00:00,310.54,310.54,303.7,306.18,7017
ALGN,D,09/05/23,00:00:00,302.32,304.21,299.89,302.72,6406
ALGN,D,10/05/23,00:00:00,306.22,308.15,302.94,305.2,4980
ALGN,D,11/05/23,00:00:00,300.6,300.62,292.18,296.16,9552
ALGN,D,12/05/23,00:00:00,297,297.25,291.53,293.47,6866
ALGN,D,15/05/23,00:00:00,291.99,299.76,291.99,297.23,8675
ALGN,D,16/05/23,00:00:00,292.19,293.72,289.94,292.47,12946
ALGN,D,17/05/23,00:00:00,288.46,293.97,287.025,291.07,12361
ALGN,D,18/05/23,00:00:00,288.48,295.78,288.22,293.66,6997
ALGN,D,19/05/23,00:00:00,292.89,293.15,289.11,290.69,7483
ALGN,D,22/05/23,00:00:00,291.04,304.06,291.04,300.8,6296
ALGN,D,23/05/23,00:00:00,299.21,303.06,281.29,282.52,27409
ALGN,D,24/05/23,00:00:00,280.73,284,278.33,281.26,9317
ALGN,D,25/05/23,00:00:00,280.78,281.51,278.09,279.91,7553
ALGN,D,26/05/23,00:00:00,281.68,286.98,280.66,285.23,7500
ALGN,D,30/05/23,00:00:00,285.92,286.73,282.31,284.98,9761
ALGN,D,31/05/23,00:00:00,277.82,282.99,273.75,282.83,11812
ALGN,D,01/06/23,00:00:00,283.6,297.97,283.31,297.23,13284
ALGN,D,02/06/23,00:00:00,300.94,302.42,297.19,301.98,13710
ALGN,D,05/06/23,00:00:00,305.53,306.395,302.84,305.41,8903
ALGN,D,06/06/23,00:00:00,304.52,307.42,303.32,304.86,4301
ALGN,D,07/06/23,00:00:00,306.22,311.53,300.79,301.74,10900
ALGN,D,08/06/23,00:00:00,302.67,307.78,302.62,306.85,7284
ALGN,D,09/06/23,00:00:00,302.73,309.48,302.73,304.65,11085
ALGN,D,12/06/23,00:00:00,304.81,311.56,304.81,311.44,10215
ALGN,D,13/06/23,00:00:00,316,328.87,316,322.06,20089
ALGN,D,14/06/23,00:00:00,325.25,328.22,319.12,322.13,9626
ALGN,D,15/06/23,00:00:00,324.15,334.405,324.07,333.43,12279
ALGN,D,16/06/23,00:00:00,335.01,335.01,326.6,330.37,17247
ALGN,D,20/06/23,00:00:00,325.49,333.02,322.37,331.84,8244
ALGN,D,21/06/23,00:00:00,329.76,333.98,328.2,330.61,14626
ALGN,D,22/06/23,00:00:00,328,334.79,327.04,334.3,9529
ALGN,D,23/06/23,00:00:00,326.92,330.89,325.64,329.2,11361
ALGN,D,26/06/23,00:00:00,330.39,335.13,329.015,331.46,5242
ALGN,D,27/06/23,00:00:00,332.53,341.4,329.96,340.76,10616
ALGN,D,28/06/23,00:00:00,341.3,347.36,340.91,345.1,6797
ALGN,D,29/06/23,00:00:00,344.87,349.15,338.19,341.92,13876
ALGN,D,30/06/23,00:00:00,345.9,355.92,345.9,354.23,27783
ALGN,D,03/07/23,00:00:00,349.48,349.63,340.42,344.53,7823
ALGN,D,05/07/23,00:00:00,336.22,339,327.53,336.7,12948
ALGN,D,06/07/23,00:00:00,329.67,331.38,324.23,330.82,10595
ALGN,D,07/07/23,00:00:00,332.53,335.61,329.04,329.41,7163
ALGN,D,10/07/23,00:00:00,333.48,343.82,333.48,343.82,7931
ALGN,D,11/07/23,00:00:00,346.03,350.7,345.2,350.3,7500
ALGN,D,12/07/23,00:00:00,354.95,358.64,349.74,357.49,9424
ALGN,D,13/07/23,00:00:00,357.91,368.01,357.56,367.53,8938
ALGN,D,14/07/23,00:00:00,370.25,371.03,366.19,366.19,11211
ALGN,D,17/07/23,00:00:00,362.11,371.77,361.8,370.5,7883
ALGN,D,18/07/23,00:00:00,358.1,360.91,354.5,360.64,12737
ALGN,D,19/07/23,00:00:00,352.57,352.57,340.86,342.74,25579
ALGN,D,20/07/23,00:00:00,338.84,338.84,330.795,331.02,29214
ALGN,D,21/07/23,00:00:00,332.71,339.71,332.71,337.31,11790
ALGN,D,24/07/23,00:00:00,335.89,338.15,333.33,336.94,14937
ALGN,D,25/07/23,00:00:00,330,336.98,324.99,332.19,30102
ALGN,D,26/07/23,00:00:00,329.03,340.41,328.93,340.41,19012
ALGN,D,27/07/23,00:00:00,401.47,411.61,379.78,385.165,75484
ALGN,D,28/07/23,00:00:00,396.28,396.86,378.62,381.9,20121
ALGN,D,31/07/23,00:00:00,384.225,384.225,376.175,377.97,9937
ALGN,D,01/08/23,00:00:00,376.96,379.2,373.15,376.755,6598
ALGN,D,02/08/23,00:00:00,370.5,370.85,363.81,367.46,7844
ALGN,D,03/08/23,00:00:00,363.42,367.18,362.19,366.45,7698
ALGN,D,04/08/23,00:00:00,367.73,368,360.28,361.36,13268
ALGN,D,07/08/23,00:00:00,361.91,362.54,358.6,361.26,16023
ALGN,D,08/08/23,00:00:00,354.63,358.735,354.63,357.98,17735
ALGN,D,09/08/23,00:00:00,356.5,359.32,352.67,352.67,6709
ALGN,D,10/08/23,00:00:00,354.06,356.23,346.15,347.26,7479
ALGN,D,11/08/23,00:00:00,347.72,354.3,347.54,353.03,6971
ALGN,D,14/08/23,00:00:00,350.77,360.62,349.65,360.62,6605
ALGN,D,15/08/23,00:00:00,359.39,364.66,356.42,360.95,5776
ALGN,D,16/08/23,00:00:00,358.73,361.16,358.25,358.41,6276
ALGN,D,17/08/23,00:00:00,357.86,358.45,348.29,350.21,10568
ALGN,D,18/08/23,00:00:00,347.3,352.18,347.3,350.39,8216
ALGN,D,21/08/23,00:00:00,351,351,342.34,342.43,7232
ALGN,D,22/08/23,00:00:00,342.85,353.28,342.005,351.64,6498
ALGN,D,23/08/23,00:00:00,355.96,362.79,355.96,359.25,7291
ALGN,D,24/08/23,00:00:00,364.7,368.69,350.68,350.87,10461
ALGN,D,25/08/23,00:00:00,350.09,356.89,349.08,356.38,4811
ALGN,D,28/08/23,00:00:00,357.02,360.49,357.02,358.8,2500
ALGN,D,29/08/23,00:00:00,357.3,367.82,357.3,367.75,3350
ALGN,D,30/08/23,00:00:00,370.92,374.08,370.24,370.8,5478
ALGN,D,31/08/23,00:00:00,373.81,374.16,369.94,370.11,8641
ALGN,D,01/09/23,00:00:00,375.5,375.5,369.21,374.75,3900
ALGN,D,05/09/23,00:00:00,372.9,373.49,367.93,368.83,7600
ALGN,D,06/09/23,00:00:00,367.78,370.37,365.79,369.95,8181
ALGN,D,07/09/23,00:00:00,367.17,367.17,339.85,340.98,42534
ALGN,D,08/09/23,00:00:00,340.55,341.5,330.49,331.995,13664
ALGN,D,11/09/23,00:00:00,332.92,336.04,331.25,335.35,7181
ALGN,D,12/09/23,00:00:00,330.22,330.805,321.9,322.25,4288
ALGN,D,13/09/23,00:00:00,320.66,324.28,317.36,322.37,6754
ALGN,D,14/09/23,00:00:00,328.84,333.67,326.09,332.8,13899
ALGN,D,15/09/23,00:00:00,332.06,335.41,328.23,332.15,10136
ALGN,D,18/09/23,00:00:00,331.73,331.73,325.13,325.13,9048
ALGN,D,19/09/23,00:00:00,320.68,320.68,316.77,317.99,8204
ALGN,D,20/09/23,00:00:00,318.2,318.72,309.62,309.95,6600
ALGN,D,21/09/23,00:00:00,305.07,305.07,299.18,300.27,10631
ALGN,D,22/09/23,00:00:00,302.96,303.48,297.56,298.42,8928
ALGN,D,25/09/23,00:00:00,296.33,298.5,293.57,298.01,10798
ALGN,D,26/09/23,00:00:00,297,300.6,297,299.02,12061
ALGN,D,27/09/23,00:00:00,300.26,303.68,297.27,301.65,18104
ALGN,D,28/09/23,00:00:00,302.9,310.62,302.9,307.35,10016
ALGN,D,29/09/23,00:00:00,311.41,311.41,304.18,305.49,5097
ALGN,D,02/10/23,00:00:00,301.17,302.27,296.48,299.8,10177
ALGN,D,03/10/23,00:00:00,297.47,301.39,288.84,290.34,10463
ALGN,D,04/10/23,00:00:00,290.73,292.14,286.7,291.78,25152
ALGN,D,05/10/23,00:00:00,290.78,290.78,276.94,280.28,22967
ALGN,D,06/10/23,00:00:00,279.97,287.33,276.5,284.65,13346
ALGN,D,09/10/23,00:00:00,282.62,284.43,277.64,284.05,9319
ALGN,D,10/10/23,00:00:00,283.69,291.52,282.83,286.41,7964
ALGN,D,11/10/23,00:00:00,285.76,285.76,276.54,277.17,15705
ALGN,D,12/10/23,00:00:00,276.48,276.94,265.69,267.96,17711
ALGN,D,13/10/23,00:00:00,267.8,270.235,263.88,265.86,18076
ALGN,D,16/10/23,00:00:00,269.01,275.25,268.33,272.25,14114
ALGN,D,17/10/23,00:00:00,274.96,277.71,273.77,276.91,6881
ALGN,D,18/10/23,00:00:00,272.8,274.73,269.7,272.46,9314
ALGN,D,19/10/23,00:00:00,270.85,275.06,269.12,270.41,8819
ALGN,D,20/10/23,00:00:00,268.61,272.67,266.79,270.2,7792
ALGN,D,23/10/23,00:00:00,266.97,268.76,265.29,265.515,15208
ALGN,D,24/10/23,00:00:00,265.47,267.76,262.955,265.8,48687
ALGN,D,25/10/23,00:00:00,262.34,262.34,252.53,254.37,28933
ALGN,D,26/10/23,00:00:00,196,200.61,187.33,190.42,153671
ALGN,D,27/10/23,00:00:00,192.99,197.39,185.99,190.55,96349
ALGN,D,30/10/23,00:00:00,193.61,193.61,176.51,186.63,94525
ALGN,D,31/10/23,00:00:00,188.06,188.8,183.7,184.5,25182
ALGN,D,01/11/23,00:00:00,183.45,183.53,178.55,183.16,30989
ALGN,D,02/11/23,00:00:00,188.62,193.46,185.15,192.32,50095
ALGN,D,03/11/23,00:00:00,194.85,202.915,194.85,197.395,48143
ALGN,D,06/11/23,00:00:00,202,202,197.1,197.69,41594
ALGN,D,07/11/23,00:00:00,198.73,198.73,196.35,197.33,20081
ALGN,D,08/11/23,00:00:00,196.18,196.5,192.37,193.57,52265
ALGN,D,09/11/23,00:00:00,192.42,192.65,186.21,187.41,23320
ALGN,D,10/11/23,00:00:00,187.81,192.665,186.88,191.99,25271
ALGN,D,13/11/23,00:00:00,192.06,193.02,190.76,191.22,37677
ALGN,D,14/11/23,00:00:00,199.83,205.45,199.83,202.45,47795
ALGN,D,15/11/23,00:00:00,203.5,212.96,203.5,205.06,24858
ALGN,D,16/11/23,00:00:00,212.53,212.54,202.77,203.23,26252
ALGN,D,17/11/23,00:00:00,204.41,207.95,203.64,206.5,22487
ALGN,D,20/11/23,00:00:00,206.61,215.93,206.61,215.29,22951
ALGN,D,21/11/23,00:00:00,214.81,215.92,213.28,215.23,21777
ALGN,D,22/11/23,00:00:00,217.94,221.02,217.24,217.24,18360
ALGN,D,24/11/23,00:00:00,219.16,220.73,219.07,219.46,6894
ALGN,D,27/11/23,00:00:00,216.54,218.45,216.22,216.87,28178
ALGN,D,28/11/23,00:00:00,216.03,216.055,213.055,214.16,19381
ALGN,D,29/11/23,00:00:00,218.08,221.13,216.07,216.47,14029
ALGN,D,30/11/23,00:00:00,216.54,216.65,211.86,213.76,20129
ALGN,D,01/12/23,00:00:00,213.81,224.96,213.81,220.33,37883
ALGN,D,04/12/23,00:00:00,217.86,220.01,215.14,219.54,15046
ALGN,D,05/12/23,00:00:00,217.08,217.08,212.41,215.26,16627
ALGN,D,06/12/23,00:00:00,218.38,218.52,215.48,216.72,11634
ALGN,D,07/12/23,00:00:00,217.23,218.2,214.38,216.54,10624
ALGN,D,08/12/23,00:00:00,214.96,222.03,214.96,221.2,41463
ALGN,D,11/12/23,00:00:00,215.94,221.51,215.91,218.59,29092
ALGN,D,12/12/23,00:00:00,216.66,218.2,212.94,217.47,56436
ALGN,D,13/12/23,00:00:00,218.98,231.46,217.88,231.46,37116
ALGN,D,14/12/23,00:00:00,245.5,264.45,245.47,257.04,94486
ALGN,D,15/12/23,00:00:00,258.04,262.4,251.65,255.06,41022
ALGN,D,18/12/23,00:00:00,255,267.07,255,261.78,48015
ALGN,D,19/12/23,00:00:00,264.35,270.29,264.22,268.35,20222
ALGN,D,20/12/23,00:00:00,264.87,270.86,262.02,262.02,15373
ALGN,D,21/12/23,00:00:00,268.71,274.71,268.525,273.87,13170
ALGN,D,22/12/23,00:00:00,274.84,274.84,269.3,271.91,17815
ALGN,D,26/12/23,00:00:00,271.8,276.25,270.98,274.2,13258
ALGN,D,27/12/23,00:00:00,274.89,275.86,272.87,275.28,5648
ALGN,D,28/12/23,00:00:00,276,278.62,275.99,276.75,6808
ALGN,D,29/12/23,00:00:00,276.8,276.835,273.62,273.88,8428
ALGN,D,02/01/24,00:00:00,271.38,271.43,266.14,268.92,12093
ALGN,D,03/01/24,00:00:00,263.2,263.2,250.69,256.15,23999
ALGN,D,04/01/24,00:00:00,256.395,263.1,255.52,261.27,18445
ALGN,D,05/01/24,00:00:00,261.87,269.16,261.87,264.48,12376
ALGN,D,08/01/24,00:00:00,267.31,274.875,266.38,273.58,10122
ALGN,D,09/01/24,00:00:00,276.13,281.73,276.13,277.63,12950
ALGN,D,10/01/24,00:00:00,277.61,278.5,271.41,276.91,10200
ALGN,D,11/01/24,00:00:00,275.45,279.27,274.165,276.37,13960
ALGN,D,12/01/24,00:00:00,277.74,278.53,270.33,271.63,7816
ALGN,D,16/01/24,00:00:00,267.63,268.24,264.58,267.18,8871
ALGN,D,17/01/24,00:00:00,261.67,263.38,257.08,259.43,15854
ALGN,D,18/01/24,00:00:00,263.49,264.62,259.24,264.62,10065
ALGN,D,19/01/24,00:00:00,262.025,267.08,260.71,266.37,11443
ALGN,D,22/01/24,00:00:00,268.77,273.13,267.63,271.68,8935
ALGN,D,23/01/24,00:00:00,270.71,271.03,264.54,266.44,7653
ALGN,D,24/01/24,00:00:00,267.98,268.19,257.12,257.12,23032
ALGN,D,25/01/24,00:00:00,259.56,262.28,254.81,261.98,19056
ALGN,D,26/01/24,00:00:00,264.6,269.85,262.84,264.43,15230
ALGN,D,29/01/24,00:00:00,263.675,274.78,263.675,270.16,26357
ALGN,D,30/01/24,00:00:00,264.86,271,264.47,264.68,30570
ALGN,D,31/01/24,00:00:00,262.98,273.97,262.98,267.27,32286
ALGN,D,01/02/24,00:00:00,302.83,307.75,266.8,273.01,168495
ALGN,D,02/02/24,00:00:00,268.07,277.27,264.35,274.11,21094
ALGN,D,05/02/24,00:00:00,273.58,276.41,268.52,275.91,16848
ALGN,D,06/02/24,00:00:00,276.32,293.17,276.32,288.5,31222
ALGN,D,07/02/24,00:00:00,289.01,290.94,283.26,284.74,17653
ALGN,D,08/02/24,00:00:00,284.61,296.3,284.61,295.04,32902
ALGN,D,09/02/24,00:00:00,292.86,298.34,292.86,296.25,22335
ALGN,D,12/02/24,00:00:00,295.92,303.64,295.725,302.53,22295
ALGN,D,13/02/24,00:00:00,289.98,295.965,289.83,292.32,14585
ALGN,D,14/02/24,00:00:00,293.76,303.07,293.76,302.97,16017
ALGN,D,15/02/24,00:00:00,307.18,312.01,305.8,309.84,19177
ALGN,D,16/02/24,00:00:00,310.01,314.08,306.68,308.88,21589
ALGN,D,20/02/24,00:00:00,306.39,314.515,306.39,313.62,23213
ALGN,D,21/02/24,00:00:00,309.11,309.11,301,305.12,25628
ALGN,D,22/02/24,00:00:00,305.51,317.02,305.51,317.01,26921
ALGN,D,23/02/24,00:00:00,315.865,321.685,315.75,316.98,19300
ALGN,D,26/02/24,00:00:00,314.065,314.13,310.78,310.78,5433
ALGN,D,27/02/24,00:00:00,312,313.28,308.21,312.86,7404
ALGN,D,28/02/24,00:00:00,305.64,307.33,302.33,302.33,5182
ALGN,D,29/02/24,00:00:00,304.08,306.04,302.01,302.3,4885
ALGN,D,01/03/24,00:00:00,301.755,304.15,297.48,299.78,15998
ALGN,D,04/03/24,00:00:00,301.99,310.345,300.38,307.8,16946
ALGN,D,05/03/24,00:00:00,303.26,303.87,297.08,299.6,5229
ALGN,D,06/03/24,00:00:00,306.5,306.5,303,303.82,4625
ALGN,D,07/03/24,00:00:00,309.25,312.58,307.72,310.8,4985
ALGN,D,08/03/24,00:00:00,313.62,318.09,310.59,312.57,5613
ALGN,D,11/03/24,00:00:00,309.15,309.96,306.06,308.22,3600
ALGN,D,12/03/24,00:00:00,309.83,312.24,306.48,310.82,3417
ALGN,D,13/03/24,00:00:00,315,324.58,315,320.76,16714
ALGN,D,14/03/24,00:00:00,322.65,322.65,312.785,316.94,11584
ALGN,D,15/03/24,00:00:00,316.29,319.28,313.46,314.25,7424
ALGN,D,18/03/24,00:00:00,317.76,320,315.75,316.23,6984
ALGN,D,19/03/24,00:00:00,315.64,319.07,314.15,317.22,3195
ALGN,D,20/03/24,00:00:00,319.53,329.32,319.53,329.32,9829
ALGN,D,21/03/24,00:00:00,334.36,334.36,321.05,321.05,10245
ALGN,D,22/03/24,00:00:00,321.23,321.23,315.06,319.62,6811
ALGN,D,25/03/24,00:00:00,319.67,322.48,318.7,319.29,5092
ALGN,D,26/03/24,00:00:00,320.12,323.16,317.13,320,4503
ALGN,D,27/03/24,00:00:00,325.4,328.2,324.93,327.69,5481
ALGN,D,28/03/24,00:00:00,328.925,329.27,326.445,328.36,7447
ALGN,D,01/04/24,00:00:00,323.075,323.7,313.41,319.77,7889
ALGN,D,02/04/24,00:00:00,309.915,312.43,301.12,312.15,13981
ALGN,D,03/04/24,00:00:00,312.98,313.32,309.71,310.28,10371
ALGN,D,04/04/24,00:00:00,315.88,319.45,308.74,314.7,15573
ALGN,D,05/04/24,00:00:00,317.09,321.52,316.06,317.66,11272
ALGN,D,08/04/24,00:00:00,318.64,320.2,317.02,320.19,7564
ALGN,D,09/04/24,00:00:00,323.35,330.92,323.225,330.53,8897
ALGN,D,10/04/24,00:00:00,322.75,328.42,321.72,328.33,12705
ALGN,D,11/04/24,00:00:00,331.22,331.22,319.74,325.45,6563
ALGN,D,12/04/24,00:00:00,319.89,322.72,311.72,314.92,5928
ALGN,D,15/04/24,00:00:00,317.06,317.06,303.32,304.69,6565
ALGN,D,16/04/24,00:00:00,301.18,307.8,297.64,305.29,7415
ALGN,D,17/04/24,00:00:00,300.51,304.03,297.72,300.27,9772
ALGN,D,18/04/24,00:00:00,300.37,306,298.98,301.53,4955
ALGN,D,19/04/24,00:00:00,301.24,302.51,296.91,299.01,7972
ALGN,D,22/04/24,00:00:00,299.43,303.28,297.25,300.97,3995
ALGN,D,23/04/24,00:00:00,300,312.14,300,311.72,8228
ALGN,D,24/04/24,00:00:00,310.51,315.6,308.11,313.91,16571
ALGN,D,25/04/24,00:00:00,325.81,325.81,298.38,310.71,30147
ALGN,D,26/04/24,00:00:00,309.51,321.73,308.21,309.12,13012
ALGN,D,29/04/24,00:00:00,311.21,313.1,303.5,304.99,8113
ALGN,D,30/04/24,00:00:00,297.28,297.28,282.3,282.61,20520
ALGN,D,01/05/24,00:00:00,282.31,291.24,278.57,284.45,9383
ALGN,D,02/05/24,00:00:00,286.55,287.79,281.435,286.51,7885
ALGN,D,03/05/24,00:00:00,293.68,294.52,287.76,287.85,3755
ALGN,D,06/05/24,00:00:00,289,289,285.62,287.15,9482
ALGN,D,07/05/24,00:00:00,286.97,291.42,285.72,286.78,6967
ALGN,D,08/05/24,00:00:00,277.19,277.19,265.04,273.56,27314
ALGN,D,09/05/24,00:00:00,274.76,280.44,273.25,280.15,11773
ALGN,D,10/05/24,00:00:00,280.18,280.18,267.04,271.78,17417
ALGN,D,13/05/24,00:00:00,273.65,276.21,271.03,272.68,8000
ALGN,D,14/05/24,00:00:00,275.27,281.4,274.485,277.96,9301
ALGN,D,15/05/24,00:00:00,280.92,281.76,275.81,280.11,8729
ALGN,D,16/05/24,00:00:00,281.99,282.19,273.72,273.72,4589
ALGN,D,17/05/24,00:00:00,270.36,271.99,268.99,271.44,15306
ALGN,D,20/05/24,00:00:00,270,272.145,266.695,267.15,17282
ALGN,D,21/05/24,00:00:00,265.02,266.57,262.17,264.09,5600
ALGN,D,22/05/24,00:00:00,262.75,264.41,260.44,260.97,6024
ALGN,D,23/05/24,00:00:00,260.53,260.53,250.3,252.17,21660
ALGN,D,24/05/24,00:00:00,253.05,257.93,253.05,255.43,19959
ALGN,D,28/05/24,00:00:00,253.79,256.58,251.87,253.46,18545
ALGN,D,29/05/24,00:00:00,250.34,254.41,250.11,252.61,18354
ALGN,D,30/05/24,00:00:00,253.86,259.79,253.86,256.81,50562
ALGN,D,31/05/24,00:00:00,258,258,253,257.57,41769
ALGN,D,03/06/24,00:00:00,256.41,259.49,254.13,254.54,20099
ALGN,D,04/06/24,00:00:00,253.86,253.86,246.63,248.93,22284
ALGN,D,05/06/24,00:00:00,249.93,257.25,248.52,256.01,16293
ALGN,D,06/06/24,00:00:00,254.65,259.34,254.44,257.68,25886
ALGN,D,07/06/24,00:00:00,252.76,259.96,252.76,255.51,14604
ALGN,D,10/06/24,00:00:00,254.93,256.77,252.67,255.95,13288
ALGN,D,11/06/24,00:00:00,252.91,255.46,252.77,253.21,6266
ALGN,D,12/06/24,00:00:00,258.61,266.7,258.61,265.97,19155
ALGN,D,13/06/24,00:00:00,266.03,271.37,265.52,271.27,13000
ALGN,D,14/06/24,00:00:00,268.52,268.83,252.29,256.13,41942
ALGN,D,17/06/24,00:00:00,251.89,251.89,244.67,245.41,12235
ALGN,D,18/06/24,00:00:00,244.47,247.18,241.89,241.93,12606
ALGN,D,20/06/24,00:00:00,239,244.72,238.04,242.43,20318
ALGN,D,21/06/24,00:00:00,243.54,243.98,240.57,241.47,20388
ALGN,D,24/06/24,00:00:00,242.76,243.76,236.55,236.96,20560
ALGN,D,25/06/24,00:00:00,236.82,237.5,233.61,235.24,13846
ALGN,D,26/06/24,00:00:00,233.27,244.62,233.27,243.59,23322
ALGN,D,27/06/24,00:00:00,242.02,244.12,239.9,242.98,9499
ALGN,D,28/06/24,00:00:00,242.11,243.895,240.48,241.39,13783
ALGN,D,01/07/24,00:00:00,241.99,246.98,238.91,238.91,7508
ALGN,D,02/07/24,00:00:00,240.6,240.69,236.68,239.83,5505
ALGN,D,03/07/24,00:00:00,240.005,243.39,237.7,243.36,6155
ALGN,D,05/07/24,00:00:00,242.92,244.73,242.13,243.81,3551
ALGN,D,08/07/24,00:00:00,244.94,249.39,244.92,248.86,7946
ALGN,D,09/07/24,00:00:00,248.17,249.3,246.41,247.53,8106
ALGN,D,10/07/24,00:00:00,247.64,249.17,243.51,249.17,9802
ALGN,D,11/07/24,00:00:00,253.6,258.09,251.72,256.44,11643
ALGN,D,12/07/24,00:00:00,251.61,251.61,242.42,242.42,18202
ALGN,D,15/07/24,00:00:00,242.025,244.44,239.6,240.17,10275
ALGN,D,16/07/24,00:00:00,242.07,247.57,239.765,247.56,10807
ALGN,D,17/07/24,00:00:00,247,253.23,246.79,250.7,14492
ALGN,D,18/07/24,00:00:00,254.19,262.7,249.45,250.63,19356
ALGN,D,19/07/24,00:00:00,254.07,255.43,249.98,251.485,22028
ALGN,D,22/07/24,00:00:00,253.45,253.45,244.86,249.28,22889
ALGN,D,23/07/24,00:00:00,249.24,252.36,248.73,250.76,10026
ALGN,D,24/07/24,00:00:00,249.91,251.27,244.56,244.64,56367
ALGN,D,25/07/24,00:00:00,230,243.39,226.01,226.12,51082
ALGN,D,26/07/24,00:00:00,225,225,219.16,220.37,33977
ALGN,D,29/07/24,00:00:00,220.47,225.705,218.85,224,40478
ALGN,D,30/07/24,00:00:00,224,232.65,224,231.53,37903
ALGN,D,31/07/24,00:00:00,228.56,238.57,227.44,232.08,17239
ALGN,D,01/08/24,00:00:00,231.5,233.3,226.59,228.28,13250
ALGN,D,02/08/24,00:00:00,220.86,220.86,209.65,213.3,39219
ALGN,D,05/08/24,00:00:00,200.34,212.44,196.61,208.01,30332
ALGN,D,06/08/24,00:00:00,206.925,208.98,203.69,206.31,28469
ALGN,D,07/08/24,00:00:00,210,214.235,203.07,203.83,11884
ALGN,D,08/08/24,00:00:00,204.04,214.24,204.04,214.13,21140
ALGN,D,09/08/24,00:00:00,214.26,215.12,212.12,214.97,8201
ALGN,D,12/08/24,00:00:00,213.41,215.13,212.01,213.61,12005
ALGN,D,13/08/24,00:00:00,219.14,222.49,215.03,220.36,8292
ALGN,D,14/08/24,00:00:00,225.46,226.83,218.16,219.95,5543
ALGN,D,15/08/24,00:00:00,226.45,238.27,226.45,235.34,15155
ALGN,D,16/08/24,00:00:00,235.27,244.59,234.62,240.49,18102
ALGN,D,19/08/24,00:00:00,239.55,243.17,234.81,240.15,6459
ALGN,D,20/08/24,00:00:00,240.36,242.14,232.9,233.08,15974
ALGN,D,21/08/24,00:00:00,234.3,235.44,231.91,235.26,6449
ALGN,D,22/08/24,00:00:00,233.63,234.145,228.27,228.8,11120
ALGN,D,23/08/24,00:00:00,229.72,235.9,226.88,233.79,17701
ALGN,D,26/08/24,00:00:00,233.01,233.13,229,231.6,11106
ALGN,D,27/08/24,00:00:00,230.31,238.72,230.25,236.22,8831
ALGN,D,28/08/24,00:00:00,234.22,234.27,229.3,230.84,8265
ALGN,D,29/08/24,00:00:00,233.05,237.8,233.05,235.08,7871
ALGN,D,30/08/24,00:00:00,237.39,240.75,234.98,237.28,7916
ALGN,D,03/09/24,00:00:00,232.97,237.09,226.47,226.47,5354
ALGN,D,04/09/24,00:00:00,225.2,226.3,221.82,222.3,11611
ALGN,D,05/09/24,00:00:00,219,228,219,226.32,4035
ALGN,D,06/09/24,00:00:00,226.9,228.19,218.74,221.11,17004
ALGN,D,09/09/24,00:00:00,228.39,229.11,220,221.18,7927
ALGN,D,10/09/24,00:00:00,220.64,227.63,218.98,227.25,3442
ALGN,D,11/09/24,00:00:00,224.64,225.38,219.92,225.21,19652
ALGN,D,12/09/24,00:00:00,226.61,229.93,221.86,228.29,2364
ALGN,D,13/09/24,00:00:00,232.51,243.83,232.51,243.8,16614
ALGN,D,16/09/24,00:00:00,247.165,249.84,244.23,249.65,10106
ALGN,D,17/09/24,00:00:00,251.95,259.25,251.95,253.255,17575
ALGN,D,18/09/24,00:00:00,255.315,262.73,250.37,253.2,21470
ALGN,D,19/09/24,00:00:00,259,260.41,256.96,257.26,3200
ALGN,D,20/09/24,00:00:00,253.1,255,248.95,253.2,7821
ALGN,D,23/09/24,00:00:00,255.4,256.36,252.46,253.21,7898
ALGN,D,24/09/24,00:00:00,257,259.34,247.56,248.87,5302
ALGN,D,25/09/24,00:00:00,247.46,248.48,242.28,242.28,4818
ALGN,D,26/09/24,00:00:00,245.63,253.47,245.46,249.46,12418
ALGN,D,27/09/24,00:00:00,251.05,258.74,251.05,254.92,10672
ALGN,D,30/09/24,00:00:00,252.54,255.03,252.54,254.5,7301
ALGN,D,01/10/24,00:00:00,251.975,251.975,244.22,245.32,3884
ALGN,D,02/10/24,00:00:00,240.02,240.91,235.3,238.1,7055
ALGN,D,03/10/24,00:00:00,238.83,239.28,235.5,237,9464
ALGN,D,04/10/24,00:00:00,242.78,242.78,235.87,241.38,5251
ALGN,D,07/10/24,00:00:00,236.73,238.56,232.79,234.93,4813
ALGN,D,08/10/24,00:00:00,234.83,235.14,232.24,233.9,8997
ALGN,D,09/10/24,00:00:00,233.58,234.115,229.845,233.83,7217
ALGN,D,10/10/24,00:00:00,231.45,232.92,229.03,229.72,9325
ALGN,D,11/10/24,00:00:00,227.075,227.075,218.51,222.1,36871
ALGN,D,14/10/24,00:00:00,220.51,224.17,220.28,221.16,19393
ALGN,D,15/10/24,00:00:00,220.19,222.825,217.86,219.04,18969
ALGN,D,16/10/24,00:00:00,219.295,219.295,214.42,215.96,30763
ALGN,D,17/10/24,00:00:00,216.21,218.59,215.26,216.03,15912
ALGN,D,18/10/24,00:00:00,216.88,219.57,216.28,219.57,14695
ALGN,D,21/10/24,00:00:00,219.47,219.92,215.95,216.48,17666
ALGN,D,22/10/24,00:00:00,212.09,212.7,209.66,210.85,14709
ALGN,D,23/10/24,00:00:00,209.14,210.17,206.16,207.69,23093
ALGN,D,24/10/24,00:00:00,215.02,226.23,214.58,216.29,42470
ALGN,D,25/10/24,00:00:00,222.98,226.5,218.48,219.33,19654
ALGN,D,28/10/24,00:00:00,220.69,222.58,215.82,215.82,20328
ALGN,D,29/10/24,00:00:00,212.675,216.845,212.45,212.77,18405
ALGN,D,30/10/24,00:00:00,212.86,214.61,210.325,210.75,14884
ALGN,D,31/10/24,00:00:00,209.7,209.7,205.01,205.01,8538
ALGN,D,01/11/24,00:00:00,205.65,209.16,205.5,208.27,7552
ALGN,D,04/11/24,00:00:00,209.32,216.1,209.09,210.64,5053
ALGN,D,05/11/24,00:00:00,206.81,213.22,206.81,212.24,6547
ALGN,D,06/11/24,00:00:00,220.73,225.03,215.31,224.95,19886
ALGN,D,07/11/24,00:00:00,222.36,223.495,219.95,222.13,24492
ALGN,D,08/11/24,00:00:00,220.55,224.03,217.06,220.61,11734
ALGN,D,11/11/24,00:00:00,224.39,228.9,223.44,225.36,6609
ALGN,D,12/11/24,00:00:00,225.24,225.24,218.92,218.92,4607
ALGN,D,13/11/24,00:00:00,217.31,219.11,213.6,214.95,4954
ALGN,D,14/11/24,00:00:00,215.5,224.59,213.51,221.7,9919
ALGN,D,15/11/24,00:00:00,222.1,229.165,222.1,223.92,21171
ALGN,D,18/11/24,00:00:00,224.76,231.46,224.76,229.94,9256
ALGN,D,19/11/24,00:00:00,226.73,226.73,221.95,222.57,6795
ALGN,D,20/11/24,00:00:00,220.64,223.91,220.345,223.91,6022
ALGN,D,21/11/24,00:00:00,225.02,229.04,224.8,228.33,4404
ALGN,D,22/11/24,00:00:00,229,229.36,217.61,225.74,14849
ALGN,D,25/11/24,00:00:00,231.76,241.03,231.76,240.54,26757
ALGN,D,26/11/24,00:00:00,233.01,233.01,226.66,227.84,17687
ALGN,D,27/11/24,00:00:00,232.84,233.85,228.96,229.58,3251
ALGN,D,29/11/24,00:00:00,231.935,233.53,231.75,232.67,2494
ALGN,D,02/12/24,00:00:00,227.18,235.22,227.18,234.51,6521
ALGN,D,03/12/24,00:00:00,230.14,235.32,230.14,233.87,5733
ALGN,D,04/12/24,00:00:00,235.12,236.82,234.37,235.08,3728
ALGN,D,05/12/24,00:00:00,230.62,230.62,226.93,227.93,6287
ALGN,D,06/12/24,00:00:00,229.535,238.84,229.535,232.6,7300
ALGN,D,09/12/24,00:00:00,232.36,239.615,232.36,237.44,6918
ALGN,D,10/12/24,00:00:00,236.84,238.92,236.24,237.13,4600
ALGN,D,11/12/24,00:00:00,240.63,244.83,237.6,239.61,6513
ALGN,D,12/12/24,00:00:00,239.99,240.12,235.36,235.74,6323
ALGN,D,13/12/24,00:00:00,234.27,236.64,234.06,235.44,3927
ALGN,D,16/12/24,00:00:00,235.68,237.1,229.95,230.04,4309
ALGN,D,17/12/24,00:00:00,227.26,231.11,227.05,228.84,9133
ALGN,D,18/12/24,00:00:00,227.24,227.51,212.66,212.66,14776
ALGN,D,19/12/24,00:00:00,214,218.29,212.34,213.55,9091
ALGN,D,20/12/24,00:00:00,214.325,214.325,210.85,211.03,12352
ALGN,D,23/12/24,00:00:00,209,210.65,205.77,207.53,27602
ALGN,D,24/12/24,00:00:00,208.54,213.45,207.89,213.32,4354
ALGN,D,26/12/24,00:00:00,212.55,216.04,212.4,215.82,3857
ALGN,D,27/12/24,00:00:00,213.195,214.31,210.91,211.455,1908
ALGN,D,30/12/24,00:00:00,206.3,207.93,204.43,206.58,3386
ALGN,D,31/12/24,00:00:00,207.66,208.64,206.54,208.44,4845
ALGN,D,02/01/25,00:00:00,213.06,215.25,207.56,208.37,6727
ALGN,D,03/01/25,00:00:00,209.88,209.88,206.24,208.29,2900
ALGN,D,06/01/25,00:00:00,215.03,221.65,215.03,218.82,13090
ALGN,D,07/01/25,00:00:00,219.56,225.82,217.27,217.66,6605
ALGN,D,08/01/25,00:00:00,215.28,215.38,210.2,215.38,8550
ALGN,D,10/01/25,00:00:00,211.37,214.36,208.66,212.3,12748
ALGN,D,13/01/25,00:00:00,208.95,213.7,208.22,213.69,7000
ALGN,D,14/01/25,00:00:00,214.9,214.94,209.78,210.54,4100
ALGN,D,15/01/25,00:00:00,216.27,217.86,214.77,215.77,8151
ALGN,D,16/01/25,00:00:00,216.34,219,214.25,218.96,10653
ALGN,D,17/01/25,00:00:00,221.45,227.81,221.45,224.17,11845
ALGN,D,21/01/25,00:00:00,228.86,229.78,227.57,227.85,5271
