<TICKER>,<PER>,<DATE>,<TIME>,<OPEN>,<HIGH>,<LOW>,<CLOSE>,<VOL>
NVDA,D,23/01/23,00:00:00,18.069,19.245,17.819,19.192,15035650
NVDA,D,24/01/23,00:00:00,18.837,19.484,18.825,19.265,9503480
NVDA,D,25/01/23,00:00:00,18.9125,19.365,18.581,19.332,8723800
NVDA,D,26/01/23,00:00:00,19.724,20.162,19.278,19.799,8941270
NVDA,D,27/01/23,00:00:00,19.462,20.627,19.424,20.356,10233070
NVDA,D,30/01/23,00:00:00,19.962,20.128,19.15,19.163,8123230
NVDA,D,31/01/23,00:00:00,19.1695,19.673,18.951,19.539,9644310
NVDA,D,01/02/23,00:00:00,19.71,21.19,19.611,20.947,13705260
NVDA,D,02/02/23,00:00:00,21,21.946,20.968,21.708,12416420
NVDA,D,03/02/23,00:00:00,21,21.741,20.791,21.099,8760600
NVDA,D,06/02/23,00:00:00,20.806,21.568,20.789,21.092,7311530
NVDA,D,07/02/23,00:00:00,21.371,22.258,21.158,22.174,10544930
NVDA,D,08/02/23,00:00:00,22.379,22.872,22.025,22.206,9684240
NVDA,D,09/02/23,00:00:00,22.606,23.018,22.125,22.336,10318790
NVDA,D,10/02/23,00:00:00,21.673,22.077,20.815,21.258,11377500
NVDA,D,13/02/23,00:00:00,21.537,22.047,20.967,21.794,8724290
NVDA,D,14/02/23,00:00:00,21.576,23.045,21.376,22.971,12197850
NVDA,D,15/02/23,00:00:00,22.551,22.85,22.107,22.753,8056010
NVDA,D,16/02/23,00:00:00,22.121,22.55,21.938,21.998,6739340
NVDA,D,17/02/23,00:00:00,21.631,21.728,20.976,21.386,12055260
NVDA,D,21/02/23,00:00:00,20.991,21.472,20.631,20.648,5762920
NVDA,D,22/02/23,00:00:00,20.715,21.104,20.424,20.796,5809680
NVDA,D,23/02/23,00:00:00,23.436,23.881,23.033,23.659,26152840
NVDA,D,24/02/23,00:00:00,23.179,23.464,22.95,23.287,13933970
NVDA,D,27/02/23,00:00:00,23.707,23.87,23.455,23.503,8241050
NVDA,D,28/02/23,00:00:00,23.372,23.818,23.211,23.218,9377940
NVDA,D,01/03/23,00:00:00,23.191,23.25,22.511,22.714,9350350
NVDA,D,02/03/23,00:00:00,22.47,23.378,22.441,23.315,8342980
NVDA,D,03/03/23,00:00:00,23.335,23.9,23.133,23.89,10449450
NVDA,D,06/03/23,00:00:00,23.891,24.246,23.492,23.569,6713880
NVDA,D,07/03/23,00:00:00,23.605,24.121,23.243,23.285,10153360
NVDA,D,08/03/23,00:00:00,23.487,24.2,23.437,24.184,10600320
NVDA,D,09/03/23,00:00:00,24.181,24.45,23.39,23.455,10505100
NVDA,D,10/03/23,00:00:00,23.403,23.624,22.732,22.962,12584810
NVDA,D,13/03/23,00:00:00,22.745,23.295,22.3,22.958,8113510
NVDA,D,14/03/23,00:00:00,23.496,24.217,23.481,24.043,9606410
NVDA,D,15/03/23,00:00:00,23.735,24.286,23.365,24.235,11210400
NVDA,D,16/03/23,00:00:00,24.03,25.587,23.9,25.541,17921690
NVDA,D,17/03/23,00:00:00,25.982,26.395,25.67,25.731,18348030
NVDA,D,20/03/23,00:00:00,25.623,26.015,25.147,25.901,8226160
NVDA,D,21/03/23,00:00:00,26.196,26.39,25.387,26.204,8825920
NVDA,D,22/03/23,00:00:00,26.425,27.588,26.245,26.451,17960750
NVDA,D,23/03/23,00:00:00,27.1155,27.499,26.691,27.195,12740020
NVDA,D,24/03/23,00:00:00,27.031,27.163,26.355,26.776,10822110
NVDA,D,27/03/23,00:00:00,26.83,26.991,26.367,26.548,8010340
NVDA,D,28/03/23,00:00:00,26.452,26.5,25.859,26.415,8203780
NVDA,D,29/03/23,00:00:00,26.821,27.075,26.598,26.991,7833700
NVDA,D,30/03/23,00:00:00,27.231,27.499,27.112,27.387,7445410
NVDA,D,31/03/23,00:00:00,27.134,27.832,27.107,27.791,13705350
NVDA,D,03/04/23,00:00:00,27.52,28,27.337,27.978,7650170
NVDA,D,04/04/23,00:00:00,27.975,28,27.312,27.472,6857320
NVDA,D,05/04/23,00:00:00,26.829,26.996,26.399,26.879,11252060
NVDA,D,06/04/23,00:00:00,26.591,27.076,26.435,27.034,9557590
NVDA,D,10/04/23,00:00:00,26.823,27.616,26.677,27.59,8017290
NVDA,D,11/04/23,00:00:00,27.721,27.776,27.127,27.169,5349580
NVDA,D,12/04/23,00:00:00,27.348,27.457,26.449,26.502,7855830
NVDA,D,13/04/23,00:00:00,26.738,26.883,26.332,26.456,6797390
NVDA,D,14/04/23,00:00:00,26.502,26.88,26.2265,26.759,9459110
NVDA,D,17/04/23,00:00:00,26.587,27.002,26.445,27.001,4842240
NVDA,D,18/04/23,00:00:00,27.5335,28.1,27.359,27.674,10480250
NVDA,D,19/04/23,00:00:00,27.366,28,27.232,27.933,6091320
NVDA,D,20/04/23,00:00:00,27.671,28.03,27.002,27.098,7735670
NVDA,D,21/04/23,00:00:00,26.978,27.182,26.736,27.127,7146510
NVDA,D,24/04/23,00:00:00,27.039,27.362,26.687,27.042,4888810
NVDA,D,25/04/23,00:00:00,27.077,27.243,26.229,26.234,6213300
NVDA,D,26/04/23,00:00:00,27.002,27.328,26.717,26.957,9024820
NVDA,D,27/04/23,00:00:00,27.35,27.492,26.638,27.221,7405240
NVDA,D,28/04/23,00:00:00,27.225,27.758,27.072,27.747,8237680
NVDA,D,01/05/23,00:00:00,27.849,29.054,27.781,28.919,10398280
NVDA,D,02/05/23,00:00:00,28.679,28.833,28.085,28.204,7199820
NVDA,D,03/05/23,00:00:00,27.825,28.366,27.476,27.802,6842620
NVDA,D,04/05/23,00:00:00,27.635,27.856,27.24,27.558,7469420
NVDA,D,05/05/23,00:00:00,27.8255,28.755,27.732,28.679,11488990
NVDA,D,08/05/23,00:00:00,28.517,29.22,28.354,29.156,6569200
NVDA,D,09/05/23,00:00:00,28.883,28.965,28.459,28.566,6206170
NVDA,D,10/05/23,00:00:00,29.021,29.111,28.471,28.879,7844010
NVDA,D,11/05/23,00:00:00,28.934,28.948,28.25,28.576,6564490
NVDA,D,12/05/23,00:00:00,28.529,28.778,28.05,28.336,6690480
NVDA,D,15/05/23,00:00:00,28.515,28.966,28.163,28.959,5571520
NVDA,D,16/05/23,00:00:00,28.843,29.867,28.832,29.212,9946000
NVDA,D,17/05/23,00:00:00,29.584,30.197,29.435,30.185,8796500
NVDA,D,18/05/23,00:00:00,30.426,31.827,30.32,31.673,17163350
NVDA,D,19/05/23,00:00:00,31.519,31.565,30.918,31.262,10846620
NVDA,D,22/05/23,00:00:00,30.916,31.514,30.689,31.175,5458630
NVDA,D,23/05/23,00:00:00,30.999,31.279,30.634,30.69,6165900
NVDA,D,24/05/23,00:00:00,30.201,30.605,29.806,30.527,9115700
NVDA,D,25/05/23,00:00:00,38.53,39.476,36.638,37.984,31586740
NVDA,D,26/05/23,00:00:00,37.858,39.169,37.576,38.937,16525860
NVDA,D,30/05/23,00:00:00,40.595,41.933,39.951,40.116,15809840
NVDA,D,31/05/23,00:00:00,39.491,40.285,37.825,37.857,16761020
NVDA,D,01/06/23,00:00:00,38.489,40.05,38.349,39.768,11141310
NVDA,D,02/06/23,00:00:00,40.093,40.5,39.066,39.322,12485280
NVDA,D,05/06/23,00:00:00,38.899,39.556,38.714,39.185,6618000
NVDA,D,06/06/23,00:00:00,38.83,39.155,38.15,38.666,6754180
NVDA,D,07/06/23,00:00:00,38.914,39.495,37.359,37.485,10327780
NVDA,D,08/06/23,00:00:00,37.714,38.86,37.533,38.523,9510160
NVDA,D,09/06/23,00:00:00,39.037,39.709,38.573,38.781,12031820
NVDA,D,12/06/23,00:00:00,39.1995,39.519,38.625,39.491,6766120
NVDA,D,13/06/23,00:00:00,40.186,41.101,39.746,41.024,13195950
NVDA,D,14/06/23,00:00:00,40.822,43,40.557,42.986,16803500
NVDA,D,15/06/23,00:00:00,42.602,43.289,42.147,42.659,12266800
NVDA,D,16/06/23,00:00:00,43.5,43.719,42.668,42.697,14110310
NVDA,D,20/06/23,00:00:00,42.997,43.988,42.675,43.809,8326680
NVDA,D,21/06/23,00:00:00,43.5095,43.615,42.086,43.049,11441460
NVDA,D,22/06/23,00:00:00,42.253,43.425,42.249,43.016,8449210
NVDA,D,23/06/23,00:00:00,42.458,42.802,42.033,42.212,9679460
NVDA,D,26/06/23,00:00:00,42.461,42.763,40.1,40.624,12465760
NVDA,D,27/06/23,00:00:00,40.822,41.937,40.451,41.88,10007490
NVDA,D,28/06/23,00:00:00,40.657,41.839,40.518,41.126,12727120
NVDA,D,29/06/23,00:00:00,41.558,41.596,40.6,40.845,8475900
NVDA,D,30/06/23,00:00:00,41.677,42.55,41.511,42.291,12159390
NVDA,D,03/07/23,00:00:00,42.517,42.897,42.202,42.407,4779640
NVDA,D,05/07/23,00:00:00,42.122,43.175,42.122,42.323,8216410
NVDA,D,06/07/23,00:00:00,41.82,42.176,41.352,42.1,8301780
NVDA,D,07/07/23,00:00:00,42.328,43.21,42.187,42.498,11683760
NVDA,D,10/07/23,00:00:00,42.657,42.804,41.659,42.183,8098450
NVDA,D,11/07/23,00:00:00,42.5,42.755,42.074,42.398,7272080
NVDA,D,12/07/23,00:00:00,43.018,43.934,42.797,43.89,12166240
NVDA,D,13/07/23,00:00:00,44.518,46.155,44.499,45.976,14302010
NVDA,D,14/07/23,00:00:00,46.584,48.035,45.067,45.474,22167400
NVDA,D,17/07/23,00:00:00,46.297,46.494,45.275,46.46,11446490
NVDA,D,18/07/23,00:00:00,46.701,47.882,45.759,47.492,16902190
NVDA,D,19/07/23,00:00:00,47.494,47.804,46.753,47.066,12574680
NVDA,D,20/07/23,00:00:00,46.507,47.08,45.076,45.54,18675330
NVDA,D,21/07/23,00:00:00,45.808,45.825,44.183,44.327,16759190
NVDA,D,24/07/23,00:00:00,44.731,45.103,44.042,44.61,6933750
NVDA,D,25/07/23,00:00:00,44.9475,46.175,44.925,45.66,8530080
NVDA,D,26/07/23,00:00:00,46.0115,46.033,44.639,45.449,8702350
NVDA,D,27/07/23,00:00:00,46.532,47.391,45.751,45.9,16235590
NVDA,D,28/07/23,00:00:00,46.654,47.02,46.389,46.739,10640100
NVDA,D,31/07/23,00:00:00,46.738,47.123,46.514,46.732,5914150
NVDA,D,01/08/23,00:00:00,46.474,46.9,46.043,46.506,5857060
NVDA,D,02/08/23,00:00:00,45.79,45.809,43.4,44.266,14116410
NVDA,D,03/08/23,00:00:00,43.8,45.118,43.8,44.517,9009410
NVDA,D,04/08/23,00:00:00,45,45.6355,44.4,44.686,13755180
NVDA,D,07/08/23,00:00:00,45.111,45.539,44.57,45.414,9210620
NVDA,D,08/08/23,00:00:00,44.871,45.231,44.067,44.657,8681570
NVDA,D,09/08/23,00:00:00,44.27,44.302,42.135,42.551,14872400
NVDA,D,10/08/23,00:00:00,42.157,43.566,41.855,42.372,13438220
NVDA,D,11/08/23,00:00:00,41.72,42.006,40.639,40.875,15806380
NVDA,D,14/08/23,00:00:00,40.5,43.788,40.318,43.766,17265020
NVDA,D,15/08/23,00:00:00,44.569,45.243,43.716,43.933,14723160
NVDA,D,16/08/23,00:00:00,44.533,44.674,43.406,43.492,13571200
NVDA,D,17/08/23,00:00:00,43.962,44.051,43.002,43.35,11902920
NVDA,D,18/08/23,00:00:00,42.609,43.569,41.675,43.287,21222440
NVDA,D,21/08/23,00:00:00,44.476,47.063,44.238,46.958,12642240
NVDA,D,22/08/23,00:00:00,48.1295,48.169,45.35,45.67,13642180
NVDA,D,23/08/23,00:00:00,45.885,47.2,45.211,47.123,9797540
NVDA,D,24/08/23,00:00:00,50.247,50.247,47.164,47.174,28264310
NVDA,D,25/08/23,00:00:00,47.0125,47.801,45.03,46.003,25189640
NVDA,D,28/08/23,00:00:00,46.45,46.97,44.9,46.826,13555360
NVDA,D,29/08/23,00:00:00,46.672,49.07,46.4,48.774,19495090
NVDA,D,30/08/23,00:00:00,49.049,49.927,48.427,49.266,15729930
NVDA,D,31/08/23,00:00:00,49.4,49.729,48.967,49.363,13085810
NVDA,D,01/09/23,00:00:00,49.78,49.781,48.15,48.514,14601280
NVDA,D,05/09/23,00:00:00,48.222,48.847,47.869,48.541,8703570
NVDA,D,06/09/23,00:00:00,48.475,48.547,46.582,47.055,12285200
NVDA,D,07/09/23,00:00:00,45.506,46.338,45.154,46.239,12307390
NVDA,D,08/09/23,00:00:00,45.967,46.603,45.283,45.563,17194580
NVDA,D,11/09/23,00:00:00,46.14,46.158,44.326,45.18,11585290
NVDA,D,12/09/23,00:00:00,44.721,45.665,44.534,44.861,8460330
NVDA,D,13/09/23,00:00:00,44.521,45.93,44.521,45.498,11388980
NVDA,D,14/09/23,00:00:00,45.95,45.972,45.135,45.593,12494720
NVDA,D,15/09/23,00:00:00,45.317,45.595,43.811,43.899,18485720
NVDA,D,18/09/23,00:00:00,42.727,44.24,42.31,43.966,13542130
NVDA,D,19/09/23,00:00:00,43.8,43.951,43.012,43.517,8470140
NVDA,D,20/09/23,00:00:00,43.6,43.9015,42.225,42.225,9033910
NVDA,D,21/09/23,00:00:00,41.575,42.089,40.982,41.005,14080940
NVDA,D,22/09/23,00:00:00,41.6,42.106,41.233,41.632,14953140
NVDA,D,25/09/23,00:00:00,41.58,42.527,41.191,42.229,9998740
NVDA,D,26/09/23,00:00:00,42.011,42.817,41.664,41.898,9986780
NVDA,D,27/09/23,00:00:00,42.333,42.866,41.643,42.47,15263330
NVDA,D,28/09/23,00:00:00,42.459,43.445,42.118,43.071,16660700
NVDA,D,29/09/23,00:00:00,43.851,44.136,43.311,43.49,17456450
NVDA,D,02/10/23,00:00:00,44.034,45.17,43.891,44.79,16595860
NVDA,D,03/10/23,00:00:00,44.805,45.117,43.2495,43.539,14746140
NVDA,D,04/10/23,00:00:00,43.71,44.136,43.294,44.012,15347880
NVDA,D,05/10/23,00:00:00,44.17,44.9,43.893,44.677,17018790
NVDA,D,06/10/23,00:00:00,44.193,45.781,44.032,45.763,20956600
NVDA,D,09/10/23,00:00:00,44.842,45.6,44.37,45.267,13869840
NVDA,D,10/10/23,00:00:00,45.352,46.259,45.09,45.798,14709230
NVDA,D,11/10/23,00:00:00,46.185,46.847,46.06,46.815,15629220
NVDA,D,12/10/23,00:00:00,46.8,47.601,46.338,46.935,20746770
NVDA,D,13/10/23,00:00:00,46.972,47.108,45.2805,45.46,17723640
NVDA,D,16/10/23,00:00:00,45.036,46.222,44.92,46.081,12578670
NVDA,D,17/10/23,00:00:00,43.992,44.752,42.481,43.954,24638710
NVDA,D,18/10/23,00:00:00,42.586,43.21,41.829,42.197,21140520
NVDA,D,19/10/23,00:00:00,42.813,43.295,41.886,42.096,19404580
NVDA,D,20/10/23,00:00:00,41.89,42.463,41.08,41.375,22583310
NVDA,D,23/10/23,00:00:00,41.236,43.247,40.95,42.988,17731450
NVDA,D,24/10/23,00:00:00,43.066,43.697,42.7,43.671,15837220
NVDA,D,25/10/23,00:00:00,43.405,43.65,41.557,41.782,8771860
NVDA,D,26/10/23,00:00:00,41.857,42.247,39.899,40.322,12221090
NVDA,D,27/10/23,00:00:00,41.137,41.2,40.019,40.495,17982210
NVDA,D,30/10/23,00:00:00,41.087,41.758,40.486,41.159,13308540
NVDA,D,31/10/23,00:00:00,40.426,40.876,39.234,40.782,15967870
NVDA,D,01/11/23,00:00:00,40.908,42.379,40.908,42.316,17079720
NVDA,D,02/11/23,00:00:00,43.369,43.878,42.905,43.512,16571690
NVDA,D,03/11/23,00:00:00,44.018,45.304,43.741,45.011,15319800
NVDA,D,06/11/23,00:00:00,45.3,45.925,44.899,45.763,10495620
NVDA,D,07/11/23,00:00:00,45.716,46.215,45.166,45.967,10250310
NVDA,D,08/11/23,00:00:00,46.1,46.865,45.983,46.566,9822760
NVDA,D,09/11/23,00:00:00,47.467,48.226,46.754,46.955,14615940
NVDA,D,10/11/23,00:00:00,47.485,48.47,47.292,48.335,13050550
NVDA,D,13/11/23,00:00:00,48.345,49.115,48.1,48.608,11126500
NVDA,D,14/11/23,00:00:00,49.67,49.832,49.05,49.662,11458230
NVDA,D,15/11/23,00:00:00,49.938,49.942,48.2,48.899,12446490
NVDA,D,16/11/23,00:00:00,48.685,49.519,48.339,49.486,10837540
NVDA,D,17/11/23,00:00:00,49.459,49.712,49.01,49.3,11784180
NVDA,D,20/11/23,00:00:00,49.323,50.548,49.19,50.424,10156510
NVDA,D,21/11/23,00:00:00,50.126,50.51,49.232,49.982,13235350
NVDA,D,22/11/23,00:00:00,49.851,50.33,47.786,48.703,26186040
NVDA,D,24/11/23,00:00:00,48.47,48.92,47.747,47.76,9934120
NVDA,D,27/11/23,00:00:00,47.792,48.53,47.657,48.236,11951130
NVDA,D,28/11/23,00:00:00,48.241,48.32,47.474,47.821,12192170
NVDA,D,29/11/23,00:00:00,48.387,48.758,47.866,48.141,10673090
NVDA,D,30/11/23,00:00:00,48.017,48.108,46.425,46.812,15465220
NVDA,D,01/12/23,00:00:00,46.506,47.199,46.187,46.758,14700440
NVDA,D,04/12/23,00:00:00,46.052,46.053,45.01,45.499,11882530
NVDA,D,05/12/23,00:00:00,45.461,46.6,45.281,46.579,9727520
NVDA,D,06/12/23,00:00:00,47.276,47.367,45.417,45.534,10486830
NVDA,D,07/12/23,00:00:00,45.712,46.628,45.605,46.603,10791450
NVDA,D,08/12/23,00:00:00,46.585,47.737,46.585,47.508,14122790
NVDA,D,11/12/23,00:00:00,47.486,47.5,45.83,46.639,14989900
NVDA,D,12/12/23,00:00:00,46.169,47.666,46.124,47.666,10397000
NVDA,D,13/12/23,00:00:00,47.629,48.594,47.616,48.092,14583330
NVDA,D,14/12/23,00:00:00,48.37,48.67,47.425,48.342,11322780
NVDA,D,15/12/23,00:00:00,48.266,49.402,48.152,48.913,15735310
NVDA,D,18/12/23,00:00:00,49.4,50.424,49.17,50.083,11685100
NVDA,D,19/12/23,00:00:00,49.423,49.7,48.896,49.614,12581160
NVDA,D,20/12/23,00:00:00,49.664,49.998,48.102,48.135,10602250
NVDA,D,21/12/23,00:00:00,48.875,49.095,48.425,48.992,8416600
NVDA,D,22/12/23,00:00:00,49.184,49.379,48.485,48.823,8341190
NVDA,D,26/12/23,00:00:00,48.975,49.597,48.974,49.275,5051770
NVDA,D,27/12/23,00:00:00,49.49,49.669,49.085,49.423,5759380
NVDA,D,28/12/23,00:00:00,49.669,49.88,49.419,49.535,7606500
NVDA,D,29/12/23,00:00:00,49.832,49.996,48.761,49.526,13758990
NVDA,D,02/01/24,00:00:00,49.2755,49.281,47.6,48.188,10503130
NVDA,D,03/01/24,00:00:00,47.48,48.183,47.32,47.566,8095610
NVDA,D,04/01/24,00:00:00,47.767,48.499,47.52,47.983,9621530
NVDA,D,05/01/24,00:00:00,48.482,49.542,48.331,49.092,16324080
NVDA,D,08/01/24,00:00:00,49.533,52.275,49.483,52.236,16650620
NVDA,D,09/01/24,00:00:00,52.399,54.318,51.701,53.14,18821610
NVDA,D,10/01/24,00:00:00,53.6375,54.6,53.5,54.343,12960140
NVDA,D,11/01/24,00:00:00,54.967,55.338,53.571,54.818,14336400
NVDA,D,12/01/24,00:00:00,54.606,54.97,54.335,54.704,8959490
NVDA,D,16/01/24,00:00:00,55.073,56.83,54.917,56.401,10656440
NVDA,D,17/01/24,00:00:00,56.347,56.47,54.753,56.051,10253960
NVDA,D,18/01/24,00:00:00,57.282,57.6,56.107,57.102,14478500
NVDA,D,19/01/24,00:00:00,57.961,59.499,57.249,59.499,18188730
NVDA,D,22/01/24,00:00:00,60.043,60.33,59.07,59.665,9360600
NVDA,D,23/01/24,00:00:00,59.515,59.91,58.594,59.867,7170820
NVDA,D,24/01/24,00:00:00,60.335,62.84,59.945,61.365,15489020
NVDA,D,25/01/24,00:00:00,62.338,62.709,60.865,61.656,12002710
NVDA,D,26/01/24,00:00:00,60.976,61.783,60.573,61.024,11607870
NVDA,D,29/01/24,00:00:00,61.237,62.483,60.909,62.469,6852240
NVDA,D,30/01/24,00:00:00,62.9215,63.49,62.268,62.786,8984940
NVDA,D,31/01/24,00:00:00,61.328,62.251,60.7,61.5,10809160
NVDA,D,01/02/24,00:00:00,62.15,63.191,61.66,63.035,11131310
NVDA,D,02/02/24,00:00:00,63.971,66.598,63.693,66.153,16279780
NVDA,D,05/02/24,00:00:00,68.241,69.479,67.233,69.3,14224010
NVDA,D,06/02/24,00:00:00,69.681,69.7535,66.3,68.231,13887650
NVDA,D,07/02/24,00:00:00,68.35,70.218,67.6,70.082,11616380
NVDA,D,08/02/24,00:00:00,70.087,70.76,69.49,69.66,9096480
NVDA,D,09/02/24,00:00:00,70.544,72.182,70.238,72.108,11979200
NVDA,D,12/02/24,00:00:00,72.591,74.6,71.271,72.251,13601320
NVDA,D,13/02/24,00:00:00,70.363,73.446,69.689,72.182,13450730
NVDA,D,14/02/24,00:00:00,73.237,74.223,71.985,73.897,10916780
NVDA,D,15/02/24,00:00:00,73.913,73.959,72.401,72.683,10185430
NVDA,D,16/02/24,00:00:00,74.051,74.4,72.502,72.589,12901910
NVDA,D,20/02/24,00:00:00,71.953,71.956,67.747,69.487,12735090
NVDA,D,21/02/24,00:00:00,68.011,68.865,66.261,67.49,10030510
NVDA,D,22/02/24,00:00:00,75.071,78.573,74.271,78.527,20164940
NVDA,D,23/02/24,00:00:00,80.788,82.392,77.6,78.847,19092550
NVDA,D,26/02/24,00:00:00,79.7,80.609,78.531,79.108,9763690
NVDA,D,27/02/24,00:00:00,79.357,79.48,77.197,78.761,7477730
NVDA,D,28/02/24,00:00:00,77.69,78.93,77.139,77.69,6257300
NVDA,D,29/02/24,00:00:00,79.094,79.99,78.366,79.018,9854140
NVDA,D,01/03/24,00:00:00,79.986,82.3,79.441,82.274,14708810
NVDA,D,04/03/24,00:00:00,84.13,87.69,83.753,85.237,13292380
NVDA,D,05/03/24,00:00:00,85.2685,86.087,83.434,85.982,11155540
NVDA,D,06/03/24,00:00:00,88.082,89.706,87.046,88.734,13934710
NVDA,D,07/03/24,00:00:00,90.175,92.736,89.654,92.588,14567900
NVDA,D,08/03/24,00:00:00,95.168,97.374,86.524,87.502,24070870
NVDA,D,11/03/24,00:00:00,86.246,88.79,84.201,85.811,10608160
NVDA,D,12/03/24,00:00:00,88.049,91.943,86.177,91.937,12122050
NVDA,D,13/03/24,00:00:00,91.206,91.5,88.458,90.926,12125040
NVDA,D,14/03/24,00:00:00,89.577,90.621,86.615,87.962,13591690
NVDA,D,15/03/24,00:00:00,86.93,89.54,86.293,87.841,11954110
NVDA,D,18/03/24,00:00:00,90.415,92.392,87.105,88.463,11956420
NVDA,D,19/03/24,00:00:00,86.595,90.536,85.01,89.397,11975280
NVDA,D,20/03/24,00:00:00,89.867,90.4,88.223,90.371,9558460
NVDA,D,21/03/24,00:00:00,92.355,92.615,90.408,91.435,10782530
NVDA,D,22/03/24,00:00:00,91.141,94.769,90.88,94.25,16752690
NVDA,D,25/03/24,00:00:00,93.969,96.75,93.51,95.001,10927500
NVDA,D,26/03/24,00:00:00,95.849,96.356,92.521,92.521,9859580
NVDA,D,27/03/24,00:00:00,93.1,93.205,89.145,90.269,11528670
NVDA,D,28/03/24,00:00:00,90,91.288,89.2,90.25,9416510
NVDA,D,01/04/24,00:00:00,90.322,92.223,89.205,90.375,7249640
NVDA,D,02/04/24,00:00:00,88.483,90.081,87.64,89.5,8325390
NVDA,D,03/04/24,00:00:00,88.501,90.371,88.43,88.966,7263980
NVDA,D,04/04/24,00:00:00,90.35,90.613,85.88,85.89,9290390
NVDA,D,05/04/24,00:00:00,86.86,88.476,85.972,88.024,11339440
NVDA,D,08/04/24,00:00:00,88.642,88.82,86.732,87.142,5034750
NVDA,D,09/04/24,00:00:00,87.442,87.635,83.022,85.335,9983310
NVDA,D,10/04/24,00:00:00,83.923,87.389,83.734,87.039,10041560
NVDA,D,11/04/24,00:00:00,87.407,90.735,86.947,90.617,11275140
NVDA,D,12/04/24,00:00:00,89.729,90.146,87.534,88.23,12731880
NVDA,D,15/04/24,00:00:00,89.111,90.613,85.947,85.969,8462060
NVDA,D,16/04/24,00:00:00,86.5,88.108,86.08,87.4,9298040
NVDA,D,17/04/24,00:00:00,88.309,88.765,83.953,84.039,13584470
NVDA,D,18/04/24,00:00:00,85.037,86.185,82.429,84.675,11568100
NVDA,D,19/04/24,00:00:00,83.107,84.3,75.643,76.221,26333630
NVDA,D,22/04/24,00:00:00,78.131,80.051,76.409,79.493,14216430
NVDA,D,23/04/24,00:00:00,80.801,82.766,80.272,82.38,10201850
NVDA,D,24/04/24,00:00:00,83.972,84.07,79.195,79.651,11906560
NVDA,D,25/04/24,00:00:00,78.969,83.303,78.257,82.686,11315570
NVDA,D,26/04/24,00:00:00,83.856,88.322,83.387,87.798,18087840
NVDA,D,29/04/24,00:00:00,87.6,87.974,85.285,87.836,9287780
NVDA,D,30/04/24,00:00:00,87.25,88.8,86.3,86.377,7765040
NVDA,D,01/05/24,00:00:00,85.129,86,81.272,83.06,14990580
NVDA,D,02/05/24,00:00:00,84.513,86.236,83.2,85.8375,11038230
NVDA,D,03/05/24,00:00:00,87.701,89.276,87.05,88.78,13148270
NVDA,D,06/05/24,00:00:00,89.395,92.2055,89.068,92.121,9636390
NVDA,D,07/05/24,00:00:00,91.0355,91.744,89.012,90.542,11309480
NVDA,D,08/05/24,00:00:00,89.49,91.188,89.423,90.396,8846900
NVDA,D,09/05/24,00:00:00,90.507,91.07,88.247,88.79,10333580
NVDA,D,10/05/24,00:00:00,90.221,91.4,89.238,89.859,13801540
NVDA,D,13/05/24,00:00:00,90.474,90.995,88.552,90.428,6161170
NVDA,D,14/05/24,00:00:00,89.594,91.645,88.986,91.357,11824000
NVDA,D,15/05/24,00:00:00,92.465,94.862,91.604,94.649,16205140
NVDA,D,16/05/24,00:00:00,94.98,95.8,94.13,94.4,9681510
NVDA,D,17/05/24,00:00:00,94.483,94.71,91.815,92.483,12002250
NVDA,D,20/05/24,00:00:00,93.7805,95.2,93.463,94.81,5424560
NVDA,D,21/05/24,00:00:00,93.566,95.4,93.181,95.377,6563220
NVDA,D,22/05/24,00:00:00,95.451,96,93.29,94.898,7901120
NVDA,D,23/05/24,00:00:00,102.028,106.28,101.547,103.775,22607630
NVDA,D,24/05/24,00:00:00,104.4575,106.451,103.003,106.411,11859020
NVDA,D,28/05/24,00:00:00,110.244,114.903,109.9,113.89,15094240
NVDA,D,29/05/24,00:00:00,113.05,115.485,110.92,114.681,13388780
NVDA,D,30/05/24,00:00:00,114.654,115.761,109.663,110.526,10722390
NVDA,D,31/05/24,00:00:00,112.421,112.711,106.956,109.502,15688340
NVDA,D,03/06/24,00:00:00,113.654,115,112.044,115,12186540
NVDA,D,04/06/24,00:00:00,115.759,116.6,114.06,116.443,11448460
NVDA,D,05/06/24,00:00:00,118.371,122.449,117.488,122.449,13762140
NVDA,D,06/06/24,00:00:00,124.0465,125.586,118.343,120.941,17413330
NVDA,D,07/06/24,00:00:00,119.719,121.678,118.025,120.865,11112170
NVDA,D,10/06/24,00:00:00,120.36,123.08,117.01,121.66,10748579
NVDA,D,11/06/24,00:00:00,121.76,122.87,118.75,120.91,6016784
NVDA,D,12/06/24,00:00:00,123.06,126.88,122.57,125.26,9827187
NVDA,D,13/06/24,00:00:00,129.48,129.8,127.17,129.32,8069948
NVDA,D,14/06/24,00:00:00,129.9,132.83,128.32,131.93,9123507
NVDA,D,17/06/24,00:00:00,132.92,133.72,129.59,130.99,9330851
NVDA,D,18/06/24,00:00:00,131.14,136.32,130.73,135.66,9121337
NVDA,D,20/06/24,00:00:00,139.8,140.76,129.53,130.92,16303037
NVDA,D,21/06/24,00:00:00,127.1,130.62,124.3,127,12499625
NVDA,D,24/06/24,00:00:00,123.24,124.46,118.04,118.07,11802931
NVDA,D,25/06/24,00:00:00,121.18,126.495,119.33,126.18,9833767
NVDA,D,26/06/24,00:00:00,126.1,128.11,122.61,126.44,9724963
NVDA,D,27/06/24,00:00:00,124.09,126.4,122.93,123.95,6234829
NVDA,D,28/06/24,00:00:00,124.575,127.7,122.76,123.52,8949256
NVDA,D,01/07/24,00:00:00,123.465,124.84,118.84,124.2,6973203
NVDA,D,02/07/24,00:00:00,121.13,123.36,121.06,122.69,5884908
NVDA,D,03/07/24,00:00:00,121.6,128.28,121.36,128.27,5736550
NVDA,D,05/07/24,00:00:00,127.32,128.83,125.7,125.81,5781832
NVDA,D,08/07/24,00:00:00,127.49,130.76,127.06,128.14,5941879
NVDA,D,09/07/24,00:00:00,130.36,133.81,128.67,131.43,7277895
NVDA,D,10/07/24,00:00:00,134.03,135.09,132.43,134.84,5670900
NVDA,D,11/07/24,00:00:00,135.91,136.15,127.06,127.48,13268076
NVDA,D,12/07/24,00:00:00,128.28,131.915,127.24,129.13,12237736
NVDA,D,15/07/24,00:00:00,130.64,131.36,127.19,128.43,5415527
NVDA,D,16/07/24,00:00:00,128.41,129.02,124.58,126.32,5009711
NVDA,D,17/07/24,00:00:00,121.36,121.84,116.73,117.91,11266419
NVDA,D,18/07/24,00:00:00,121.83,122.39,116.56,121.11,7357360
NVDA,D,19/07/24,00:00:00,120.365,121.59,117.38,118,6045912
NVDA,D,22/07/24,00:00:00,120.35,124.07,119.87,123.64,7222885
NVDA,D,23/07/24,00:00:00,122.79,124.69,122.11,122.43,3746282
NVDA,D,24/07/24,00:00:00,119.17,119.94,113.55,114.39,7758300
NVDA,D,25/07/24,00:00:00,113.04,116.63,106.31,112.4,12409330
NVDA,D,26/07/24,00:00:00,116.11,116.18,111.59,113.07,6384741
NVDA,D,29/07/24,00:00:00,113.69,116.28,111.3,111.53,5286462
NVDA,D,30/07/24,00:00:00,111.52,111.99,102.54,103.69,12164653
NVDA,D,31/07/24,00:00:00,112.9,118.33,110.88,117.13,12392850
NVDA,D,01/08/24,00:00:00,117.59,120.14,106.82,109.38,14464859
NVDA,D,02/08/24,00:00:00,103.83,108.71,101.37,107.31,12112512
NVDA,D,05/08/24,00:00:00,92.02,103.4,90.73,100.62,13260137
NVDA,D,06/08/24,00:00:00,103.84,107.7,100.55,104,11296053
NVDA,D,07/08/24,00:00:00,107.81,108.8,98.69,98.75,9302061
NVDA,D,08/08/24,00:00:00,102.01,105.5,97.54,105.16,7833498
NVDA,D,09/08/24,00:00:00,105.57,106.59,103.43,104.7,5317198
NVDA,D,12/08/24,00:00:00,106.33,111.06,106.31,109.1,6785411
NVDA,D,13/08/24,00:00:00,112.44,116.23,111.58,116.15,7677493
NVDA,D,14/08/24,00:00:00,118.48,118.59,114.09,117.96,6280729
NVDA,D,15/08/24,00:00:00,118.87,123.23,117.47,122.91,7806513
NVDA,D,16/08/24,00:00:00,121.94,125,121.2,124.57,6070168
NVDA,D,19/08/24,00:00:00,124.27,130,123.42,129.99,6694316
NVDA,D,20/08/24,00:00:00,128.4,129.86,125.9,127.27,5794110
NVDA,D,21/08/24,00:00:00,127.31,129.34,126.66,128.42,4625066
NVDA,D,22/08/24,00:00:00,130.02,130.75,123.1,123.86,8777283
NVDA,D,23/08/24,00:00:00,125.86,129.59,125.24,129.26,7760177
NVDA,D,26/08/24,00:00:00,129.57,131.26,124.38,126.5,6530895
NVDA,D,27/08/24,00:00:00,125.07,129.19,123.89,128.32,5235809
NVDA,D,28/08/24,00:00:00,128.08,128.32,122.66,125.57,6429866
NVDA,D,29/08/24,00:00:00,121.39,124.43,116.73,117.59,8541893
NVDA,D,30/08/24,00:00:00,119.51,121.74,117.23,119.41,6279064
NVDA,D,03/09/24,00:00:00,116,116.21,107.29,108.02,9752195
NVDA,D,04/09/24,00:00:00,105.29,109.99,104.13,106.17,9692849
NVDA,D,05/09/24,00:00:00,105,109.645,104.76,107.24,5438520
NVDA,D,06/09/24,00:00:00,108.07,108.14,100.95,102.81,8358748
NVDA,D,09/09/24,00:00:00,104.88,106.54,103.72,106.49,4429710
NVDA,D,10/09/24,00:00:00,107.87,109.39,104.95,108.02,5590981
NVDA,D,11/09/24,00:00:00,109.39,117.17,107.43,116.73,11246677
NVDA,D,12/09/24,00:00:00,116.87,120.79,115.39,119.24,6912284
NVDA,D,13/09/24,00:00:00,119.01,119.95,117.62,119.08,4694258
NVDA,D,16/09/24,00:00:00,116.79,118.175,114.37,116.78,4569723
NVDA,D,17/09/24,00:00:00,118.17,118.8,114.84,115.5,4688740
NVDA,D,18/09/24,00:00:00,115.92,117.69,113.24,113.24,6068059
NVDA,D,19/09/24,00:00:00,117.34,119.66,117.265,117.98,5907442
NVDA,D,20/09/24,00:00:00,117.02,118.6,115.41,116.04,6679417
NVDA,D,23/09/24,00:00:00,116.54,116.98,114.88,116.25,3977533
NVDA,D,24/09/24,00:00:00,116.515,121.8,115.38,120.93,8887342
NVDA,D,25/09/24,00:00:00,122.02,124.93,121.63,123.52,6095539
NVDA,D,26/09/24,00:00:00,126.81,127.66,121.8,123.98,7641273
NVDA,D,27/09/24,00:00:00,123.93,124,119.27,121.38,6874480
NVDA,D,30/09/24,00:00:00,118.31,121.5,118.16,121.5,4474183
NVDA,D,01/10/24,00:00:00,121.79,122.43,115.79,116.95,7233658
NVDA,D,02/10/24,00:00:00,116.44,119.38,115.15,118.85,4801899
NVDA,D,03/10/24,00:00:00,120.92,124.355,120.36,122.91,7665258
NVDA,D,04/10/24,00:00:00,124.95,125.04,121.9,124.89,5992988
NVDA,D,07/10/24,00:00:00,124.99,130.63,124.96,127.8,8800254
NVDA,D,08/10/24,00:00:00,130.26,133.48,129.43,132.94,6512545
NVDA,D,09/10/24,00:00:00,134.14,134.52,131.385,132.64,5685828
NVDA,D,10/10/24,00:00:00,131.93,135,131.31,134.8,5471242
NVDA,D,11/10/24,00:00:00,134.03,135.78,133.67,134.75,4743463
NVDA,D,14/10/24,00:00:00,136.42,139.6,136.3,138.18,5649636
NVDA,D,15/10/24,00:00:00,137.84,138.56,128.74,131.76,10682075
NVDA,D,16/10/24,00:00:00,133.98,136.61,131.58,135.7,6610157
NVDA,D,17/10/24,00:00:00,139.32,140.89,136.89,136.92,9230736
NVDA,D,18/10/24,00:00:00,138.67,138.8,137.29,137.97,4683558
NVDA,D,21/10/24,00:00:00,138.12,143.69,138.03,143.69,6353203
NVDA,D,22/10/24,00:00:00,142.965,144.41,141.78,143.57,5622417
NVDA,D,23/10/24,00:00:00,142.03,142.41,137.47,139.56,8439203
NVDA,D,24/10/24,00:00:00,140.82,141.34,138.47,140.41,4917558
NVDA,D,25/10/24,00:00:00,140.93,144.12,140.83,141.46,6269948
NVDA,D,28/10/24,00:00:00,143.065,143.14,140.06,140.54,4745195
NVDA,D,29/10/24,00:00:00,140.26,142.25,138.91,141.3,3808358
NVDA,D,30/10/24,00:00:00,139.49,140.32,136.82,139.06,4222139
NVDA,D,31/10/24,00:00:00,137.6,137.61,132.13,132.52,8305118
NVDA,D,01/11/24,00:00:00,134.63,137.3,134.57,135.42,5917164
NVDA,D,04/11/24,00:00:00,137.21,138.95,135.58,136.08,4582987
NVDA,D,05/11/24,00:00:00,137.42,140.37,137.34,139.92,4061879
NVDA,D,06/11/24,00:00:00,142.94,146.49,141.98,145.71,6699991
NVDA,D,07/11/24,00:00:00,146.39,148.92,146.17,148.85,5299480
NVDA,D,08/11/24,00:00:00,148.79,149.76,146.27,147.5,5084578
NVDA,D,11/11/24,00:00:00,148.68,148.71,143.57,145.27,4931774
NVDA,D,12/11/24,00:00:00,146.77,149.62,146.02,148.39,5041733
NVDA,D,13/11/24,00:00:00,149.06,149.31,145.92,146.37,5106129
NVDA,D,14/11/24,00:00:00,147.62,149,145.57,146.77,5723516
NVDA,D,15/11/24,00:00:00,144.89,145.22,140.09,141.91,7804291
NVDA,D,18/11/24,00:00:00,139.53,141.54,137.16,140.19,5111347
NVDA,D,19/11/24,00:00:00,141.32,147.12,141,147,5344656
NVDA,D,20/11/24,00:00:00,147.41,147.41,142.74,145.93,6643696
NVDA,D,21/11/24,00:00:00,149.35,152.88,140.73,146.66,10123458
NVDA,D,22/11/24,00:00:00,145.88,147.14,141.11,141.9,6774697
NVDA,D,25/11/24,00:00:00,141.95,142.03,135.83,135.92,7202281
NVDA,D,26/11/24,00:00:00,137.695,139.29,135.67,136.83,5328661
NVDA,D,27/11/24,00:00:00,135.01,135.4,131.92,135.4,6089763
NVDA,D,29/11/24,00:00:00,136.8,139.35,136.07,138.28,4229316
NVDA,D,02/12/24,00:00:00,138.8,140.44,137.83,138.63,3970837
NVDA,D,03/12/24,00:00:00,138.26,140.53,137.95,140.25,3988057
NVDA,D,04/12/24,00:00:00,142.07,145.78,140.29,145.14,6586597
NVDA,D,05/12/24,00:00:00,145.11,146.535,143.95,145.01,4474471
NVDA,D,06/12/24,00:00:00,144.65,145.69,141.32,142.47,5460197
NVDA,D,09/12/24,00:00:00,139,139.94,137.14,138.81,5073956
NVDA,D,10/12/24,00:00:00,138.97,141.8,133.8,135,6164108
NVDA,D,11/12/24,00:00:00,137.35,140.16,135.25,139.26,4919300
NVDA,D,12/12/24,00:00:00,137.19,138.4,135.8,137.32,3886714
NVDA,D,13/12/24,00:00:00,138.9,139.59,132.55,134.24,6585210
NVDA,D,16/12/24,00:00:00,134.19,134.37,130.43,131.97,6112982
NVDA,D,17/12/24,00:00:00,129.01,131.58,126.87,130.38,7735963
NVDA,D,18/12/24,00:00:00,133.83,136.7,128.29,128.98,7028453
NVDA,D,19/12/24,00:00:00,131.76,134.02,129.56,130.66,5922228
NVDA,D,20/12/24,00:00:00,129.86,135.28,128.25,134.97,6109829
NVDA,D,23/12/24,00:00:00,136.28,139.79,135.135,139.58,4700535
NVDA,D,24/12/24,00:00:00,140.01,141.895,138.67,140.31,3094635
NVDA,D,26/12/24,00:00:00,139.58,140.85,137.73,139.925,2992651
NVDA,D,27/12/24,00:00:00,138.57,139.01,134.71,137.11,6890517
NVDA,D,30/12/24,00:00:00,134.835,140.26,134.03,137.47,3981167
NVDA,D,31/12/24,00:00:00,138.04,138.06,133.84,134.19,4613291
NVDA,D,02/01/25,00:00:00,135.955,138.88,134.63,138.32,5721541
NVDA,D,03/01/25,00:00:00,140.01,144.9,139.81,144.5,6883762
NVDA,D,06/01/25,00:00:00,148.57,152.15,147.84,149.51,6476583
NVDA,D,07/01/25,00:00:00,153.02,153.12,140.02,140.12,9330619
NVDA,D,08/01/25,00:00:00,142.58,143.94,137.9,140.03,5625944
NVDA,D,10/01/25,00:00:00,137.45,137.68,134.23,135.88,4926325
NVDA,D,13/01/25,00:00:00,129.99,133.48,129.51,133.26,4401781
NVDA,D,14/01/25,00:00:00,136.07,136.34,130.06,131.83,5593743
NVDA,D,15/01/25,00:00:00,133.66,136.45,131.3,136.29,5211418
NVDA,D,16/01/25,00:00:00,138.69,138.72,133.5,133.56,4715181
NVDA,D,17/01/25,00:00:00,136.62,138.5,135.48,137.74,4256849
NVDA,D,21/01/25,00:00:00,139.26,141.83,137.09,140.83,4240929
